# CADENCE free-form capture (CPX SPI-flash logger, on-device inference)
# samples=2044  rate_hz=64  duration_s=31.94
# phase = device-inferred state: 0=still  1=walk  2=freeze
# analyze: --labels still,walk,freeze --freeze-phases 2
idx,t_s,ax_mg,ay_mg,az_mg,phase
0,0.0000,-167,261,714,1
1,0.0156,-191,214,710,1
2,0.0312,-214,242,781,1
3,0.0469,-378,308,886,1
4,0.0625,-382,359,976,1
5,0.0781,-382,378,1015,1
6,0.0937,-375,382,941,1
7,0.1094,-273,335,812,1
8,0.1250,-261,308,863,1
9,0.1406,-238,285,871,1
10,0.1562,-242,269,839,1
11,0.1719,-246,300,839,1
12,0.1875,-242,328,878,1
13,0.2031,-234,351,941,1
14,0.2187,-214,339,953,1
15,0.2344,-214,335,976,1
16,0.2500,-117,296,914,1
17,0.2656,-125,292,890,1
18,0.2812,-148,273,949,1
19,0.2969,-136,242,875,1
20,0.3125,-109,226,917,1
21,0.3281,-105,218,953,1
22,0.3437,-89,222,960,1
23,0.3594,-93,230,917,1
24,0.3750,-89,191,917,1
25,0.3906,-93,175,914,1
26,0.4062,-89,136,921,1
27,0.4219,-89,199,968,1
28,0.4375,-82,199,976,1
29,0.4531,-70,195,945,1
30,0.4687,-27,171,878,1
31,0.4844,-89,136,929,1
32,0.5000,-160,187,1000,1
33,0.5156,-175,207,1015,1
34,0.5312,-171,242,1074,1
35,0.5469,-128,226,964,1
36,0.5625,-128,238,980,1
37,0.5781,-113,218,941,1
38,0.5937,-140,250,937,1
39,0.6094,-132,214,910,1
40,0.6250,-121,246,855,1
41,0.6406,-152,261,875,1
42,0.6562,-171,273,867,1
43,0.6719,-203,273,925,1
44,0.6875,-238,308,902,1
45,0.7031,-269,328,957,1
46,0.7187,-300,324,941,1
47,0.7344,-308,304,859,1
48,0.7500,-289,289,781,1
49,0.7656,-234,308,765,1
50,0.7812,-246,312,796,1
51,0.7969,-246,324,785,1
52,0.8125,-308,316,843,1
53,0.8281,-300,343,808,1
54,0.8438,-328,382,871,1
55,0.8594,-308,375,820,1
56,0.8750,-269,335,726,1
57,0.8906,-242,320,769,1
58,0.9063,-292,320,757,1
59,0.9219,-257,328,761,1
60,0.9375,-269,347,839,1
61,0.9531,-265,359,792,1
62,0.9688,-257,343,804,1
63,0.9844,-234,343,839,1
64,1.0000,-257,355,917,1
65,1.0156,-191,343,863,1
66,1.0313,-199,328,851,1
67,1.0469,-175,250,832,1
68,1.0625,-191,296,902,1
69,1.0781,-187,285,882,1
70,1.0938,-144,281,894,1
71,1.1094,-175,261,917,1
72,1.1250,-207,296,964,1
73,1.1406,-191,281,1003,1
74,1.1563,-210,281,976,1
75,1.1719,-238,273,988,1
76,1.1875,-222,257,957,1
77,1.2031,-226,261,960,1
78,1.2188,-230,226,914,1
79,1.2344,-210,226,910,1
80,1.2500,-203,226,964,1
81,1.2656,-191,234,906,1
82,1.2813,-164,195,933,1
83,1.2969,-144,132,886,1
84,1.3125,-136,113,886,1
85,1.3281,-121,113,835,1
86,1.3438,-105,140,828,1
87,1.3594,-97,164,851,1
88,1.3750,-117,179,925,1
89,1.3906,-117,191,988,1
90,1.4063,-109,136,957,1
91,1.4219,-101,132,878,1
92,1.4375,-144,128,914,1
93,1.4531,-242,167,1046,1
94,1.4688,-250,238,1082,1
95,1.4844,-257,277,1113,1
96,1.5000,-195,242,1015,1
97,1.5156,-187,308,1035,1
98,1.5313,-140,292,964,1
99,1.5469,-175,246,945,1
100,1.5625,-203,269,878,1
101,1.5781,-292,312,1023,1
102,1.5938,-304,308,976,1
103,1.6094,-261,375,910,1
104,1.6250,-289,394,972,1
105,1.6406,-308,402,929,1
106,1.6563,-308,417,933,1
107,1.6719,-289,359,843,1
108,1.6875,-250,320,789,1
109,1.7031,-234,351,714,1
110,1.7188,-210,335,703,1
111,1.7344,-187,332,703,1
112,1.7500,-250,316,703,1
113,1.7656,-281,289,722,1
114,1.7813,-324,347,734,1
115,1.7969,-277,332,714,1
116,1.8125,-265,324,722,1
117,1.8281,-289,332,726,1
118,1.8438,-281,351,839,1
119,1.8594,-292,332,824,1
120,1.8750,-269,339,792,1
121,1.8906,-250,312,824,1
122,1.9063,-253,343,785,1
123,1.9219,-250,355,910,1
124,1.9375,-253,363,898,1
125,1.9531,-277,367,894,1
126,1.9688,-257,378,898,1
127,1.9844,-246,394,945,1
128,2.0000,-203,316,871,1
129,2.0156,-179,320,867,1
130,2.0312,-175,312,863,1
131,2.0469,-210,312,871,1
132,2.0625,-183,328,886,1
133,2.0781,-175,332,921,1
134,2.0937,-164,324,949,1
135,2.1094,-171,296,957,1
136,2.1250,-187,265,910,1
137,2.1406,-164,257,976,1
138,2.1562,-148,238,890,1
139,2.1719,-175,234,917,1
140,2.1875,-175,222,957,1
141,2.2031,-179,210,878,1
142,2.2187,-183,207,882,1
143,2.2344,-156,187,914,1
144,2.2500,-175,128,867,1
145,2.2656,-164,93,824,1
146,2.2812,-191,58,816,1
147,2.2969,-187,58,824,1
148,2.3125,-175,35,757,1
149,2.3281,-164,46,789,1
150,2.3437,-183,62,796,1
151,2.3594,-175,171,839,1
152,2.3750,-246,113,1000,1
153,2.3906,-285,132,988,1
154,2.4062,-273,175,1035,1
155,2.4219,-257,234,1050,1
156,2.4375,-253,257,1082,1
157,2.4531,-238,292,1035,1
158,2.4687,-253,289,1023,1
159,2.4844,-226,296,1066,1
160,2.5000,-277,320,1078,1
161,2.5156,-273,335,1093,1
162,2.5312,-269,324,1054,1
163,2.5469,-250,312,1078,1
164,2.5625,-242,335,980,1
165,2.5781,-222,367,996,1
166,2.5937,-191,343,945,1
167,2.6094,-203,277,882,1
168,2.6250,-222,273,933,1
169,2.6406,-175,265,816,1
170,2.6562,-214,304,828,1
171,2.6719,-191,296,875,1
172,2.6875,-140,296,769,1
173,2.7031,-132,296,773,1
174,2.7187,-117,324,761,1
175,2.7344,-105,316,707,1
176,2.7500,-117,304,707,1
177,2.7656,-160,277,687,1
178,2.7812,-167,281,796,1
179,2.7969,-179,308,726,1
180,2.8125,-191,300,726,1
181,2.8281,-210,308,769,1
182,2.8437,-226,304,824,1
183,2.8594,-261,343,855,1
184,2.8750,-257,355,843,1
185,2.8906,-253,320,851,1
186,2.9062,-269,304,843,1
187,2.9219,-234,308,804,1
188,2.9375,-257,328,914,1
189,2.9531,-250,343,871,1
190,2.9687,-246,347,863,1
191,2.9844,-253,367,886,1
192,3.0000,-273,355,875,1
193,3.0156,-265,367,902,1
194,3.0312,-265,332,914,1
195,3.0469,-242,324,875,1
196,3.0625,-234,335,875,1
197,3.0781,-214,316,875,1
198,3.0937,-222,312,898,1
199,3.1094,-210,312,910,1
200,3.1250,-218,292,968,1
201,3.1406,-242,273,980,1
202,3.1562,-214,250,964,1
203,3.1719,-199,218,941,1
204,3.1875,-183,199,929,1
205,3.2031,-214,187,902,1
206,3.2187,-253,148,921,1
207,3.2344,-289,164,906,1
208,3.2500,-222,175,878,1
209,3.2656,-250,199,925,1
210,3.2812,-226,183,882,1
211,3.2969,-187,132,847,1
212,3.3125,-171,93,863,1
213,3.3281,-160,74,746,1
214,3.3437,-156,46,753,1
215,3.3594,-113,42,687,1
216,3.3750,-101,23,773,1
217,3.3906,-140,101,808,1
218,3.4062,-160,148,859,1
219,3.4219,-253,171,953,1
220,3.4375,-304,203,1015,1
221,3.4531,-351,199,1042,1
222,3.4687,-359,257,1117,1
223,3.4844,-277,277,1078,1
224,3.5000,-242,292,1085,1
225,3.5156,-269,261,1023,1
226,3.5312,-269,226,1035,1
227,3.5469,-238,160,972,1
228,3.5625,-273,261,945,1
229,3.5781,-347,269,1019,1
230,3.5937,-386,339,1105,1
231,3.6094,-375,449,1070,1
232,3.6250,-300,402,1019,1
233,3.6406,-242,480,972,1
234,3.6562,-242,386,882,1
235,3.6719,-222,394,851,1
236,3.6875,-218,371,796,1
237,3.7031,-234,328,781,1
238,3.7187,-222,289,714,1
239,3.7344,-218,335,769,1
240,3.7500,-187,355,734,1
241,3.7656,-179,332,750,1
242,3.7812,-128,320,648,1
243,3.7969,-148,281,628,1
244,3.8125,-164,269,667,1
245,3.8281,-246,265,707,1
246,3.8437,-281,257,687,1
247,3.8594,-296,304,750,1
248,3.8750,-257,265,746,1
249,3.8906,-273,332,765,1
250,3.9062,-296,304,839,1
251,3.9219,-292,300,859,1
252,3.9375,-371,335,972,1
253,3.9531,-351,332,937,1
254,3.9687,-410,367,1011,1
255,3.9844,-464,367,988,1
256,4.0000,-335,343,921,1
257,4.0156,-355,375,835,1
258,4.0312,-355,347,859,1
259,4.0469,-304,347,910,1
260,4.0625,-347,320,875,1
261,4.0781,-355,320,777,1
262,4.0937,-324,332,867,1
263,4.1094,-285,332,902,1
264,4.1250,-285,332,941,1
265,4.1406,-257,292,914,1
266,4.1562,-238,265,890,1
267,4.1719,-187,246,882,1
268,4.1875,-148,203,839,1
269,4.2031,-167,152,890,1
270,4.2187,-218,109,925,1
271,4.2344,-199,101,894,1
272,4.2500,-195,132,972,1
273,4.2656,-164,144,964,1
274,4.2812,-167,164,980,1
275,4.2969,-167,195,960,1
276,4.3125,-152,210,960,1
277,4.3281,-140,203,945,1
278,4.3437,-117,207,902,1
279,4.3594,-148,183,867,1
280,4.3750,-156,226,855,1
281,4.3906,-203,265,851,1
282,4.4062,-246,296,929,1
283,4.4219,-269,300,925,1
284,4.4375,-292,292,871,1
285,4.4531,-292,296,941,1
286,4.4687,-320,332,914,1
287,4.4844,-300,316,875,1
288,4.5000,-292,316,824,1
289,4.5156,-269,308,835,1
290,4.5312,-265,281,773,1
291,4.5469,-250,371,824,1
292,4.5625,-277,320,878,1
293,4.5781,-292,312,886,1
294,4.5937,-281,289,855,1
295,4.6094,-285,281,839,1
296,4.6250,-269,261,906,1
297,4.6406,-269,257,859,1
298,4.6562,-257,250,820,1
299,4.6719,-269,257,824,1
300,4.6875,-281,285,871,1
301,4.7031,-257,300,902,1
302,4.7187,-250,312,820,1
303,4.7344,-246,289,847,1
304,4.7500,-246,265,859,1
305,4.7656,-257,261,820,1
306,4.7812,-242,269,796,1
307,4.7969,-277,269,875,1
308,4.8125,-250,281,890,1
309,4.8281,-265,281,875,1
310,4.8437,-265,289,867,1
311,4.8594,-269,292,824,1
312,4.8750,-242,265,796,1
313,4.8906,-289,273,871,1
314,4.9062,-269,238,871,1
315,4.9219,-246,273,914,1
316,4.9375,-246,281,859,1
317,4.9531,-277,296,964,1
318,4.9687,-292,289,1023,1
319,4.9844,-367,339,1039,1
320,5.0000,-453,378,1164,1
321,5.0156,-539,378,1242,1
322,5.0312,-660,351,1300,1
323,5.0469,-507,304,1003,1
324,5.0625,144,261,214,1
325,5.0781,890,148,-523,1
326,5.0937,1222,-238,-1464,1
327,5.1094,835,-636,-1238,1
328,5.1250,574,-492,-23,1
329,5.1406,-1453,70,1351,1
330,5.1562,-2347,867,2890,1
331,5.1719,-2507,1109,3089,1
332,5.1875,-3460,1121,-1003,1
333,5.2031,-4203,351,1343,1
334,5.2187,1320,402,-667,1
335,5.2344,1578,1343,148,1
336,5.2500,1214,691,410,1
337,5.2656,1269,74,-156,1
338,5.2812,1210,-1761,-1121,1
339,5.2969,503,-238,-855,1
340,5.3125,23,1175,476,1
341,5.3281,-890,2046,585,1
342,5.3437,-890,2136,171,1
343,5.3594,-714,1871,230,1
344,5.3750,-1066,1714,199,1
345,5.3906,-488,1539,652,1
346,5.4062,-1308,1136,171,1
347,5.4219,-1328,730,125,1
348,5.4375,-343,2277,2136,1
349,5.4531,-937,1855,1718,1
350,5.4687,-82,1125,70,1
351,5.4844,31,1785,7,1
352,5.5000,269,1343,-519,1
353,5.5156,132,1070,-429,1
354,5.5312,-101,714,-359,1
355,5.5469,3,632,-253,1
356,5.5625,-7,296,-101,1
357,5.5781,-144,222,39,1
358,5.5937,-429,343,285,1
359,5.6094,-707,648,558,1
360,5.6250,-718,1058,167,1
361,5.6406,-656,1359,15,1
362,5.6562,-296,1414,449,1
363,5.6719,242,542,1332,1
364,5.6875,42,-62,785,1
365,5.7031,-355,-582,-539,1
366,5.7187,-3,-199,-628,1
367,5.7344,-894,1011,-488,1
368,5.7500,-312,2296,7,1
369,5.7656,449,2886,367,1
370,5.7812,464,3042,1171,1
371,5.7969,-832,1390,1874,1
372,5.8125,-1371,929,812,1
373,5.8281,-582,-484,371,1
374,5.8437,347,-812,-437,1
375,5.8594,1093,-886,-1093,1
376,5.8750,-82,-238,-242,1
377,5.8906,-1140,277,265,1
378,5.9062,-1226,1874,496,1
379,5.9219,-738,3749,1113,1
380,5.9375,1554,2929,2312,1
381,5.9531,-546,1070,2890,1
382,5.9687,-1195,-7,902,1
383,5.9844,136,-1050,-1332,1
384,6.0000,-1914,1687,203,1
385,6.0156,-1765,2632,250,1
386,6.0312,-1464,3140,324,1
387,6.0469,-1214,4085,535,1
388,6.0625,-527,4195,1437,1
389,6.0781,46,2773,960,1
390,6.0937,-359,1480,2960,1
391,6.1094,-2546,-187,1960,1
392,6.1250,468,-1136,-484,1
393,6.1406,683,-1097,-1554,1
394,6.1562,-292,-363,-824,1
395,6.1719,-1039,1820,238,1
396,6.1875,-1093,3046,425,1
397,6.2031,476,3480,210,1
398,6.2187,1707,2937,1089,1
399,6.2344,-2589,1703,3257,1
400,6.2500,-1851,-152,1347,1
401,6.2656,82,-984,-1066,1
402,6.2812,1601,-1675,-1871,1
403,6.2969,542,-1253,-1316,1
404,6.3125,-492,-652,-460,1
405,6.3281,-1687,1695,246,1
406,6.3437,-1382,4039,738,1
407,6.3594,-753,4613,2765,1
408,6.3750,1625,2164,1218,1
409,6.3906,-3515,1679,2117,1
410,6.4062,-2199,-394,1046,1
411,6.4219,429,-1375,-843,1
412,6.4375,1433,-1714,-1570,1
413,6.4531,855,-1406,-2089,1
414,6.4687,-652,-113,-1089,1
415,6.4844,-1828,1863,-117,1
416,6.5000,-1488,3929,472,1
417,6.5156,-781,3824,1414,1
418,6.5312,1375,2050,617,1
419,6.5469,203,1429,3292,1
420,6.5625,-2777,550,3910,1
421,6.5781,-1203,-1074,1351,1
422,6.5937,839,-1500,-1042,1
423,6.6094,875,-953,-1945,1
424,6.6250,-238,35,-1457,1
425,6.6406,-1378,2238,-511,1
426,6.6562,-1343,3640,410,1
427,6.6719,-417,3628,1078,1
428,6.6875,160,2320,2449,1
429,6.7031,3953,902,2695,1
430,6.7187,-5453,472,1367,1
431,6.7344,-921,-1218,136,1
432,6.7500,1328,-1796,-1375,1
433,6.7656,1761,-1160,-1742,1
434,6.7812,-671,441,-1269,1
435,6.7969,-882,2167,-101,1
436,6.8125,-1460,3800,382,1
437,6.8281,-898,4207,2234,1
438,6.8437,-839,2718,1406,1
439,6.8594,1968,1589,1789,1
440,6.8750,-4191,562,3125,1
441,6.8906,-996,-687,-421,1
442,6.9062,1417,-1652,-464,1
443,6.9219,1671,-980,-1398,1
444,6.9375,531,-136,-1285,1
445,6.9531,-1160,1542,-718,1
446,6.9687,-1570,2792,-394,1
447,6.9844,-710,3476,1164,1
448,7.0000,-515,2523,3054,1
449,7.0156,429,-148,-121,1
450,7.0312,-2531,58,1984,1
451,7.0469,-1156,-960,1000,1
452,7.0625,570,-1378,-1210,1
453,7.0781,902,-1257,-1585,1
454,7.0937,-265,-324,-1164,1
455,7.1094,-996,1371,-863,1
456,7.1250,-1339,3933,-378,1
457,7.1406,-511,4515,1109,1
458,7.1562,250,2945,1933,1
459,7.1719,-3757,3300,5156,1
460,7.1875,-2851,-195,1667,1
461,7.2031,-417,-1351,74,1
462,7.2187,1371,-1609,-1746,1
463,7.2344,1070,-1398,-2265,1
464,7.2500,-562,-160,-1347,1
465,7.2656,-1507,3562,-726,1
466,7.2812,-1378,4679,789,1
467,7.2969,332,3308,2046,1
468,7.3125,1769,1804,2914,1
469,7.3281,7,554,1523,1
470,7.3437,1171,-585,-906,1
471,7.3594,-3109,-1265,-1250,1
472,7.3750,-1203,-1246,-222,1
473,7.3906,-191,332,39,1
474,7.4062,-683,2339,312,1
475,7.4219,-738,4421,449,1
476,7.4375,613,4113,2171,1
477,7.4531,957,2542,2039,1
478,7.4687,964,1941,1089,1
479,7.4844,-2175,85,699,1
480,7.5000,-957,-921,-164,1
481,7.5156,1218,-1500,-1140,1
482,7.5312,1097,-1996,-1722,1
483,7.5469,-277,-1566,-1761,1
484,7.5625,-539,121,-218,1
485,7.5781,-1703,1695,648,1
486,7.5937,-2523,4753,1308,1
487,7.6094,-2117,5062,2753,1
488,7.6250,628,2718,1707,1
489,7.6406,324,1117,-93,1
490,7.6562,-1117,613,2718,1
491,7.6719,-1171,-343,546,1
492,7.6875,117,-1054,-2324,1
493,7.7031,171,-1660,-2449,1
494,7.7187,265,-1835,-1730,1
495,7.7344,-562,-914,-1171,1
496,7.7500,-671,1023,-289,1
497,7.7656,-910,3390,617,1
498,7.7812,-835,4671,2167,1
499,7.7969,816,4902,3894,1
500,7.8125,89,2707,1691,1
501,7.8281,-3171,2246,-316,1
502,7.8437,-1601,765,-101,1
503,7.8594,-1031,-58,-50,1
504,7.8750,589,-878,-238,1
505,7.8906,429,-1609,-1382,1
506,7.9062,97,-1753,-1269,1
507,7.9219,85,-1476,-1468,1
508,7.9375,-496,-847,-730,1
509,7.9531,-589,-183,-121,1
510,7.9687,-1851,2429,675,1
511,7.9844,-980,4992,1457,1
512,8.0000,-730,2234,984,2
513,8.0156,-945,1980,359,2
514,8.0312,-1085,1503,320,2
515,8.0469,-1488,1304,468,2
516,8.0625,-1363,-214,773,2
517,8.0781,195,-1289,-386,2
518,8.0937,910,-2007,-714,2
519,8.1094,800,-2722,-605,2
520,8.1250,156,-2628,-699,2
521,8.1406,-808,-1304,-937,2
522,8.1562,-1210,925,-339,2
523,8.1719,-894,4753,-445,2
524,8.1875,203,5343,382,2
525,8.2031,3812,4597,753,2
526,8.2187,-6730,5003,4988,2
527,8.2344,-1511,898,1273,2
528,8.2500,-437,97,-453,2
529,8.2656,621,-789,-820,2
530,8.2812,320,-1484,-1027,2
531,8.2969,82,-1695,-2261,2
532,8.3125,-941,-1492,-1609,2
533,8.3281,-886,-496,-281,2
534,8.3437,-480,1382,226,2
535,8.3594,-488,3019,734,2
536,8.3750,-109,3378,882,2
537,8.3906,464,3312,1382,2
538,8.4062,382,2640,691,2
539,8.4219,85,2425,2605,2
540,8.4375,-66,1566,2363,2
541,8.4531,-964,691,1648,2
542,8.4687,238,-3,203,2
543,8.4844,296,-695,-847,2
544,8.5000,277,-902,-1457,2
545,8.5156,89,-1046,-2000,2
546,8.5312,35,-542,-1265,2
547,8.5469,-332,796,109,2
548,8.5625,-847,2929,652,2
549,8.5781,824,3687,1007,2
550,8.5937,-859,5355,3062,2
551,8.6094,-3988,2082,1988,2
552,8.6250,-1593,1042,1542,2
553,8.6406,703,-335,289,2
554,8.6562,699,-980,-957,2
555,8.6719,214,-1457,-1175,2
556,8.6875,7,-1394,-1128,2
557,8.7031,-882,-710,-1011,2
558,8.7187,-500,1281,-19,2
559,8.7344,-984,3250,785,2
560,8.7500,-359,4062,1394,2
561,8.7656,714,4199,1898,2
562,8.7812,664,2851,445,2
563,8.7969,-1015,1457,2183,2
564,8.8125,-1078,140,1476,2
565,8.8281,164,-769,367,2
566,8.8437,484,-1339,-1460,2
567,8.8594,-300,-1695,-2578,2
568,8.8750,-621,-1453,-1886,2
569,8.8906,-800,-847,-550,2
570,8.9062,-613,1074,707,2
571,8.9219,-640,2976,972,2
572,8.9375,-410,4136,1902,2
573,8.9531,6656,4386,2761,2
574,8.9687,-6742,3546,4289,2
575,8.9844,-242,1703,464,2
576,9.0000,847,843,-851,2
577,9.0156,1289,-113,-339,2
578,9.0312,1078,-1128,-574,2
579,9.0469,-679,-2058,-1949,2
580,9.0625,-695,-2320,-1828,2
581,9.0781,-656,-1542,-722,2
582,9.0937,-675,269,375,2
583,9.1094,-484,2968,394,2
584,9.1250,-464,4097,1093,2
585,9.1406,-457,4609,2277,2
586,9.1562,-171,3628,2097,2
587,9.1719,113,2316,632,2
588,9.1875,-679,1296,695,2
589,9.2031,-1835,-164,1156,2
590,9.2187,-74,-960,42,2
591,9.2344,281,-1335,-1054,2
592,9.2500,-226,-1535,-2425,2
593,9.2656,-367,-1109,-3011,2
594,9.2812,-375,-66,-1398,2
595,9.2969,-589,1503,1023,2
596,9.3125,-875,3714,1816,2
597,9.3281,4996,6613,2683,2
598,9.3437,-675,3445,2730,2
599,9.3594,-214,1636,1773,2
600,9.3750,1242,347,777,2
601,9.3906,1062,335,-570,2
602,9.4062,-500,-195,-265,2
603,9.4219,-304,-574,-675,2
604,9.4375,-812,-785,-968,2
605,9.4531,-277,-457,-824,2
606,9.4687,-31,54,-304,2
607,9.4844,54,906,164,2
608,9.5000,35,1816,867,2
609,9.5156,82,2324,1320,2
610,9.5312,406,2554,1566,2
611,9.5469,101,2132,1394,2
612,9.5625,-35,1566,1152,2
613,9.5781,-171,1027,222,2
614,9.5937,207,640,-492,2
615,9.6094,308,441,812,2
616,9.6250,-417,128,1257,2
617,9.6406,-300,50,933,2
618,9.6562,-50,-132,-183,2
619,9.6719,277,66,-1265,2
620,9.6875,632,304,-2300,2
621,9.7031,347,664,-1871,2
622,9.7187,-433,910,347,2
623,9.7344,-1281,1566,1113,2
624,9.7500,-644,1558,1152,2
625,9.7656,39,1121,664,2
626,9.7812,238,738,3058,2
627,9.7969,695,-15,3875,2
628,9.8125,457,-625,3214,2
629,9.8281,308,-664,1855,2
630,9.8437,-175,-421,1148,2
631,9.8594,-410,238,-46,2
632,9.8750,3,988,-605,2
633,9.8906,46,1218,-1105,2
634,9.9062,125,1804,-1585,2
635,9.9219,-210,2214,-1515,2
636,9.9375,-382,2371,-1535,2
637,9.9531,-636,1953,-1644,2
638,9.9687,-589,1171,656,2
639,9.9844,-1265,734,-1019,2
640,10.0000,-1785,-89,2183,2
641,10.0156,777,89,1917,2
642,10.0312,1105,257,2308,2
643,10.0469,1210,464,4257,2
644,10.0625,1261,515,6007,2
645,10.0781,-15,441,2878,2
646,10.0937,789,269,976,2
647,10.1094,-941,527,828,2
648,10.1250,-703,921,-914,2
649,10.1406,-250,1886,-1398,2
650,10.1562,-46,2679,-2667,2
651,10.1719,-386,2828,-3753,2
652,10.1875,-816,2511,-3671,2
653,10.2031,-4207,1417,-2187,2
654,10.2187,3492,1261,2949,2
655,10.2344,871,1113,-222,2
656,10.2500,-367,203,1820,2
657,10.2656,-230,-480,2320,2
658,10.2812,605,-902,2679,2
659,10.2969,1777,-835,3109,2
660,10.3125,1789,-535,3011,2
661,10.3281,1132,-101,1910,2
662,10.3437,308,347,-105,2
663,10.3594,-207,679,-1437,2
664,10.3750,-695,816,-742,2
665,10.3906,-773,988,-132,2
666,10.4062,-156,1679,-1515,2
667,10.4219,132,2093,-2023,2
668,10.4375,3,2097,-2835,2
669,10.4531,-226,1671,-2484,2
670,10.4687,-738,1874,2082,2
671,10.4844,-753,1937,214,2
672,10.5000,-421,1261,-652,2
673,10.5156,-375,382,42,2
674,10.5312,-58,-382,800,2
675,10.5469,23,-808,1558,2
676,10.5625,863,-984,2144,2
677,10.5781,1175,-1183,2835,2
678,10.5937,1214,-890,2468,2
679,10.6094,-66,-687,-2527,2
680,10.6250,308,371,2800,2
681,10.6406,246,1015,-58,2
682,10.6562,-250,1558,-886,2
683,10.6719,-1226,2324,-640,2
684,10.6875,-968,2496,3,2
685,10.7031,1847,2554,4683,2
686,10.7187,-382,2804,-3988,2
687,10.7344,-2574,1812,-3867,2
688,10.7500,246,902,2019,2
689,10.7656,1101,515,402,2
690,10.7812,613,812,1425,2
691,10.7969,-11,847,2074,2
692,10.8125,-218,1039,2343,2
693,10.8281,-250,480,761,2
694,10.8437,58,714,1023,2
695,10.8594,-35,640,390,2
696,10.8750,175,734,214,2
697,10.8906,-121,898,328,2
698,10.9062,-105,996,246,2
699,10.9219,31,1023,472,2
700,10.9375,-62,1054,480,2
701,10.9531,-238,1093,371,2
702,10.9687,-371,1023,253,2
703,10.9844,-238,1003,339,2
704,11.0000,0,992,85,2
705,11.0156,117,992,-23,2
706,11.0312,109,921,27,2
707,11.0469,-140,902,472,2
708,11.0625,-363,933,992,2
709,11.0781,-394,992,1011,2
710,11.0937,-203,972,488,2
711,11.1094,-42,984,312,2
712,11.1250,-23,871,183,2
713,11.1406,-78,761,167,2
714,11.1562,-121,726,292,2
715,11.1719,-74,750,441,2
716,11.1875,-35,808,613,2
717,11.2031,-19,796,558,2
718,11.2187,7,792,460,2
719,11.2344,3,746,425,2
720,11.2500,-54,703,578,2
721,11.2656,-609,695,-15,2
722,11.2812,-500,664,597,2
723,11.2969,367,636,1171,2
724,11.3125,308,656,1070,2
725,11.3281,101,687,750,2
726,11.3437,58,734,496,2
727,11.3594,-74,714,992,2
728,11.3750,0,785,457,2
729,11.3906,35,789,605,2
730,11.4062,140,796,519,2
731,11.4219,144,734,730,2
732,11.4375,-148,652,792,2
733,11.4531,-113,640,640,2
734,11.4687,-125,703,417,2
735,11.4844,54,734,523,2
736,11.5000,42,734,683,2
737,11.5156,3,691,832,2
738,11.5312,0,605,777,2
739,11.5469,-74,609,703,2
740,11.5625,-42,601,613,2
741,11.5781,210,605,769,2
742,11.5937,35,535,621,2
743,11.6094,54,492,683,2
744,11.6250,46,496,769,2
745,11.6406,82,507,773,2
746,11.6562,-27,566,750,2
747,11.6719,66,527,605,2
748,11.6875,-66,449,648,2
749,11.7031,882,378,531,2
750,11.7187,562,500,945,2
751,11.7344,39,511,886,2
752,11.7500,19,550,757,2
753,11.7656,31,554,742,2
754,11.7812,15,582,835,2
755,11.7969,0,566,855,2
756,11.8125,50,546,910,2
757,11.8281,62,531,941,2
758,11.8437,125,453,917,2
759,11.8594,183,410,867,2
760,11.8750,207,378,851,2
761,11.8906,230,343,859,2
762,11.9062,246,320,843,2
763,11.9219,433,347,894,2
764,11.9375,226,480,921,2
765,11.9531,109,468,945,2
766,11.9687,308,468,953,2
767,11.9844,445,382,933,2
768,12.0000,265,296,945,2
769,12.0156,171,285,914,2
770,12.0312,179,292,933,2
771,12.0469,179,304,910,2
772,12.0625,74,355,980,2
773,12.0781,58,351,992,2
774,12.0937,-105,246,914,2
775,12.1094,-167,214,796,2
776,12.1250,-507,218,773,2
777,12.1406,-667,277,695,2
778,12.1562,-691,390,882,2
779,12.1719,-730,277,972,2
780,12.1875,-726,324,875,2
781,12.2031,-519,328,949,2
782,12.2187,-457,296,726,2
783,12.2344,-78,433,613,2
784,12.2500,-74,246,417,2
785,12.2656,-171,238,734,2
786,12.2812,917,136,1054,2
787,12.2969,988,132,2675,2
788,12.3125,1035,183,1394,2
789,12.3281,1000,261,1523,2
790,12.3437,687,304,1082,2
791,12.3594,453,23,1058,2
792,12.3750,-500,214,882,2
793,12.3906,-1238,191,929,2
794,12.4062,-1355,390,1011,2
795,12.4219,-1695,425,1390,2
796,12.4375,-593,300,1269,2
797,12.4531,-386,167,1078,2
798,12.4687,58,-101,816,2
799,12.4844,511,-175,558,2
800,12.5000,593,-199,550,2
801,12.5156,617,-230,750,2
802,12.5312,441,-203,1109,2
803,12.5469,156,-105,1218,2
804,12.5625,-85,46,1273,2
805,12.5781,-339,152,1171,2
806,12.5937,-527,289,847,2
807,12.6094,-617,316,687,2
808,12.6250,-550,382,687,2
809,12.6406,-355,210,871,2
810,12.6562,-85,35,1027,2
811,12.6719,300,-156,1128,2
812,12.6875,550,-222,1273,2
813,12.7031,593,-167,1394,2
814,12.7187,269,0,1195,2
815,12.7344,-58,46,894,2
816,12.7500,-316,152,742,2
817,12.7656,-453,199,613,2
818,12.7812,-375,191,632,2
819,12.7969,-210,125,656,2
820,12.8125,-113,105,714,2
821,12.8281,-74,39,839,2
822,12.8437,-39,27,941,2
823,12.8594,-105,23,1011,2
824,12.8750,-50,39,1031,2
825,12.8906,-7,-7,1011,2
826,12.9062,66,11,968,2
827,12.9219,62,-3,976,2
828,12.9375,62,-7,984,2
829,12.9531,62,54,949,2
830,12.9687,-15,-15,1070,2
831,12.9844,0,15,1054,2
832,13.0000,19,3,1027,2
833,13.0156,31,15,976,2
834,13.0312,27,-62,855,2
835,13.0469,-7,-23,878,2
836,13.0625,-19,11,953,2
837,13.0781,3,23,1015,2
838,13.0937,-3,19,980,2
839,13.1094,46,3,1046,2
840,13.1250,70,3,996,2
841,13.1406,78,7,1007,2
842,13.1562,54,23,972,2
843,13.1719,35,31,1007,2
844,13.1875,15,39,1054,2
845,13.2031,15,31,1085,2
846,13.2187,46,35,1023,2
847,13.2344,50,3,984,2
848,13.2500,78,15,1039,2
849,13.2656,97,-7,1023,2
850,13.2812,82,-15,960,2
851,13.2969,74,-31,1011,2
852,13.3125,101,-46,917,2
853,13.3281,97,-35,878,2
854,13.3437,70,-23,917,2
855,13.3594,50,0,890,2
856,13.3750,78,19,808,2
857,13.3906,46,31,808,2
858,13.4062,7,15,707,2
859,13.4219,-54,19,570,2
860,13.4375,-113,11,703,2
861,13.4531,-105,7,769,2
862,13.4687,-62,11,886,2
863,13.4844,-62,-15,980,2
864,13.5000,-66,-31,988,2
865,13.5156,-3,-62,1035,2
866,13.5312,70,-85,1089,2
867,13.5469,105,-85,1144,2
868,13.5625,101,-35,1234,2
869,13.5781,82,-35,1199,2
870,13.5937,11,-31,1187,2
871,13.6094,-15,-27,1152,2
872,13.6250,23,-42,1171,2
873,13.6406,78,-27,1132,2
874,13.6562,78,3,1101,2
875,13.6719,58,7,1113,2
876,13.6875,31,-19,1046,2
877,13.7031,19,-19,1042,2
878,13.7187,11,7,945,2
879,13.7344,35,-15,949,2
880,13.7500,27,-11,925,2
881,13.7656,42,-11,898,2
882,13.7812,42,-35,863,2
883,13.7969,19,-62,875,2
884,13.8125,39,-46,898,2
885,13.8281,42,-39,871,2
886,13.8437,74,-35,921,2
887,13.8594,105,-66,941,2
888,13.8750,15,-54,917,2
889,13.8906,0,-46,929,2
890,13.9062,-7,-23,933,2
891,13.9219,11,-46,894,2
892,13.9375,-3,-31,863,2
893,13.9531,-11,-54,742,2
894,13.9687,-50,-46,734,2
895,13.9844,7,-35,832,2
896,14.0000,54,-23,878,2
897,14.0156,-27,-27,867,2
898,14.0312,-11,-39,851,2
899,14.0469,-7,-70,863,2
900,14.0625,-35,-42,875,2
901,14.0781,3,-50,984,2
902,14.0937,7,-46,976,2
903,14.1094,23,-27,1007,2
904,14.1250,3,-66,1031,2
905,14.1406,15,-23,1093,2
906,14.1562,31,-31,1082,2
907,14.1719,15,-19,1082,2
908,14.1875,-3,-11,1078,2
909,14.2031,15,-39,1089,2
910,14.2187,15,-31,1046,2
911,14.2344,39,-46,1058,2
912,14.2500,27,-46,1062,2
913,14.2656,27,-35,1074,2
914,14.2812,31,-39,1039,2
915,14.2969,23,-42,1007,2
916,14.3125,31,-54,1003,2
917,14.3281,3,-42,980,2
918,14.3437,27,-46,988,2
919,14.3594,46,-23,972,2
920,14.3750,39,-27,937,2
921,14.3906,42,-46,929,2
922,14.4062,15,-46,933,2
923,14.4219,23,-62,867,2
924,14.4375,23,-58,867,2
925,14.4531,3,-35,816,2
926,14.4687,0,-42,773,2
927,14.4844,3,-85,738,2
928,14.5000,-50,-54,753,2
929,14.5156,-19,-78,785,2
930,14.5312,31,-109,808,2
931,14.5469,3,-109,878,2
932,14.5625,-3,-97,929,2
933,14.5781,-11,-128,988,2
934,14.5937,31,-140,1019,2
935,14.6094,7,-117,1031,2
936,14.6250,19,-109,1066,2
937,14.6406,54,-93,1093,2
938,14.6562,19,-74,1136,2
939,14.6719,35,-46,1195,2
940,14.6875,11,-54,1160,2
941,14.7031,0,-66,1156,2
942,14.7187,39,-66,1113,2
943,14.7344,58,-62,1144,2
944,14.7500,66,-82,1042,2
945,14.7656,85,-89,1078,2
946,14.7812,85,-89,1085,2
947,14.7969,78,-82,1023,2
948,14.8125,70,-82,1023,2
949,14.8281,74,-85,960,2
950,14.8437,42,-66,941,2
951,14.8594,70,-78,886,2
952,14.8750,89,-82,921,2
953,14.8906,62,-105,960,2
954,14.9062,46,-117,875,2
955,14.9219,70,-199,878,2
956,14.9375,183,-167,871,2
957,14.9531,144,-253,898,2
958,14.9687,58,-50,917,2
959,14.9844,-11,-93,828,2
960,15.0000,-11,-78,824,2
961,15.0156,7,-74,843,2
962,15.0312,-11,-109,738,2
963,15.0469,15,-121,761,2
964,15.0625,23,-97,789,2
965,15.0781,7,-42,773,2
966,15.0937,-19,-101,859,2
967,15.1094,-3,-89,871,2
968,15.1250,15,-117,894,2
969,15.1406,58,-132,984,2
970,15.1562,23,-109,1023,2
971,15.1719,27,-125,1050,2
972,15.1875,23,-101,1121,2
973,15.2031,31,-109,1164,2
974,15.2187,23,-85,1199,2
975,15.2344,-19,-50,1175,2
976,15.2500,-27,-74,1242,2
977,15.2656,-82,-31,1125,2
978,15.2812,-58,-35,1132,2
979,15.2969,-11,-50,1089,2
980,15.3125,0,-74,1117,2
981,15.3281,7,-66,1054,2
982,15.3437,-46,-54,1019,2
983,15.3594,-39,-58,996,2
984,15.3750,-7,-89,875,2
985,15.3906,11,-74,871,2
986,15.4062,23,-101,812,2
987,15.4219,42,-70,785,2
988,15.4375,-11,-109,835,2
989,15.4531,-23,-78,789,2
990,15.4687,-46,-97,718,2
991,15.4844,19,-105,707,2
992,15.5000,23,-128,632,2
993,15.5156,70,-144,769,2
994,15.5312,109,-171,796,2
995,15.5469,62,-203,925,2
996,15.5625,78,-226,851,2
997,15.5781,109,-230,972,2
998,15.5937,113,-199,1015,2
999,15.6094,136,-203,1078,2
1000,15.6250,160,-199,1101,2
1001,15.6406,160,-183,1132,2
1002,15.6562,109,-167,1167,2
1003,15.6719,82,-187,1121,2
1004,15.6875,0,-175,1152,2
1005,15.7031,-39,-140,1097,2
1006,15.7187,-42,-132,1144,2
1007,15.7344,-82,-117,1214,2
1008,15.7500,-50,-101,1093,2
1009,15.7656,7,-121,1042,2
1010,15.7812,7,-105,941,2
1011,15.7969,-35,-128,992,2
1012,15.8125,-23,-140,953,2
1013,15.8281,-27,-144,910,2
1014,15.8437,-74,-113,960,2
1015,15.8594,-66,-97,976,2
1016,15.8750,19,-113,910,2
1017,15.8906,31,-156,867,2
1018,15.9062,7,-144,804,2
1019,15.9219,0,-132,824,2
1020,15.9375,-11,-117,867,2
1021,15.9531,7,-117,878,2
1022,15.9687,0,-89,847,2
1023,15.9844,-31,-93,820,2
1024,16.0000,15,-70,695,1
1025,16.0156,15,-74,718,1
1026,16.0313,-11,-93,718,1
1027,16.0469,0,-78,718,1
1028,16.0625,-7,-93,757,1
1029,16.0781,11,-128,886,1
1030,16.0938,93,-160,1003,1
1031,16.1094,82,-191,1117,1
1032,16.1250,109,-183,1238,1
1033,16.1406,117,-164,1222,1
1034,16.1563,121,-203,1203,1
1035,16.1719,148,-187,1207,1
1036,16.1875,125,-160,1214,1
1037,16.2031,46,-97,1285,1
1038,16.2188,58,-82,1167,1
1039,16.2344,19,-62,1027,1
1040,16.2500,19,-66,1007,1
1041,16.2656,15,-19,957,1
1042,16.2813,-11,-78,910,1
1043,16.2969,-42,-66,843,1
1044,16.3125,66,-46,886,1
1045,16.3281,58,-74,871,1
1046,16.3438,27,-78,882,1
1047,16.3594,66,-85,921,1
1048,16.3750,97,-93,855,1
1049,16.3906,85,-93,882,1
1050,16.4063,74,-85,859,1
1051,16.4219,66,-74,828,1
1052,16.4375,62,-85,773,1
1053,16.4531,-15,-66,753,1
1054,16.4688,-89,-50,703,1
1055,16.4844,-136,-42,789,1
1056,16.5000,-97,-54,894,1
1057,16.5156,-58,-58,933,1
1058,16.5313,-58,-85,906,1
1059,16.5469,-46,-152,906,1
1060,16.5625,-42,-156,1007,1
1061,16.5781,-15,-156,1214,1
1062,16.5938,19,-179,1261,1
1063,16.6094,7,-167,1214,1
1064,16.6250,11,-175,1207,1
1065,16.6406,31,-210,1113,1
1066,16.6563,58,-160,1078,1
1067,16.6719,58,-179,1050,1
1068,16.6875,93,-191,1015,1
1069,16.7031,89,-128,1128,1
1070,16.7188,66,-117,1128,1
1071,16.7344,39,-101,1125,1
1072,16.7500,35,-93,1082,1
1073,16.7656,58,-121,988,1
1074,16.7813,66,-97,878,1
1075,16.7969,66,-54,847,1
1076,16.8125,35,-58,792,1
1077,16.8281,23,-58,738,1
1078,16.8438,27,-46,660,1
1079,16.8594,-66,-27,652,1
1080,16.8750,-125,-27,777,1
1081,16.8906,-148,-23,812,1
1082,16.9063,-78,-93,937,1
1083,16.9219,-3,-117,906,1
1084,16.9375,-35,-132,921,1
1085,16.9531,-23,-125,910,1
1086,16.9688,35,-156,1007,1
1087,16.9844,62,-175,968,1
1088,17.0000,50,-203,921,1
1089,17.0156,35,-179,960,1
1090,17.0313,-3,-136,1105,1
1091,17.0469,11,-121,1140,1
1092,17.0625,27,-117,1121,1
1093,17.0781,31,-117,1019,1
1094,17.0938,54,-128,953,1
1095,17.1094,93,-125,984,1
1096,17.1250,117,-140,937,1
1097,17.1406,156,-156,1027,1
1098,17.1563,136,-152,1066,1
1099,17.1719,50,-105,1035,1
1100,17.1875,19,-58,1050,1
1101,17.2031,62,-39,1121,1
1102,17.2188,121,-70,1144,1
1103,17.2344,160,-85,1136,1
1104,17.2500,164,-50,1167,1
1105,17.2656,121,-82,1093,1
1106,17.2813,78,-31,1066,1
1107,17.2969,105,-50,988,1
1108,17.3125,109,-62,960,1
1109,17.3281,105,-42,917,1
1110,17.3438,97,-31,773,1
1111,17.3594,54,-31,683,1
1112,17.3750,42,-35,625,1
1113,17.3906,19,-27,687,1
1114,17.4063,-54,3,718,1
1115,17.4219,-113,11,722,1
1116,17.4375,-113,-15,695,1
1117,17.4531,-105,-89,699,1
1118,17.4688,-89,-167,636,1
1119,17.4844,-31,-609,875,1
1120,17.5000,-39,-261,921,1
1121,17.5156,27,-199,1218,1
1122,17.5313,58,-320,1148,1
1123,17.5469,74,-339,1097,1
1124,17.5625,54,-269,1167,1
1125,17.5781,89,-234,1140,1
1126,17.5938,11,-148,1136,1
1127,17.6094,7,-121,1144,1
1128,17.6250,-11,-160,1035,1
1129,17.6406,-15,-175,968,1
1130,17.6563,3,-140,984,1
1131,17.6719,31,-97,910,1
1132,17.6875,58,-136,863,1
1133,17.7031,19,-109,968,1
1134,17.7188,-7,-35,1070,1
1135,17.7344,11,-27,1054,1
1136,17.7500,-3,-42,984,1
1137,17.7656,-11,-46,941,1
1138,17.7813,19,-74,1019,1
1139,17.7969,39,-70,1007,1
1140,17.8125,70,-58,957,1
1141,17.8281,89,-89,1003,1
1142,17.8438,70,-70,1105,1
1143,17.8594,85,-62,1113,1
1144,17.8750,70,-93,1035,1
1145,17.8906,62,-66,902,1
1146,17.9063,27,-109,804,1
1147,17.9219,54,-113,695,1
1148,17.9375,-3,-27,859,1
1149,17.9531,-27,-3,765,1
1150,17.9688,-46,-7,785,1
1151,17.9844,-62,-19,757,1
1152,18.0000,-3,-82,867,1
1153,18.0156,23,-82,882,1
1154,18.0313,7,-89,871,1
1155,18.0469,-15,-97,894,1
1156,18.0625,-11,-93,964,1
1157,18.0781,0,-113,992,1
1158,18.0938,-7,-105,1062,1
1159,18.1094,-3,-121,1070,1
1160,18.1250,-7,-132,1027,1
1161,18.1406,39,-132,957,1
1162,18.1563,54,-117,988,1
1163,18.1719,7,-85,992,1
1164,18.1875,-23,-89,1031,1
1165,18.2031,-11,-101,1042,1
1166,18.2188,-89,-85,894,1
1167,18.2344,-74,-46,1027,1
1168,18.2500,-15,-50,949,1
1169,18.2656,-42,-70,1003,1
1170,18.2813,-3,-66,976,1
1171,18.2969,-62,-58,996,1
1172,18.3125,-70,-46,937,1
1173,18.3281,-66,-62,914,1
1174,18.3438,-39,-74,921,1
1175,18.3594,-15,-78,996,1
1176,18.3750,-15,-46,1085,1
1177,18.3906,-66,-62,1105,1
1178,18.4063,-74,-78,1144,1
1179,18.4219,-46,-42,1089,1
1180,18.4375,-74,-58,1160,1
1181,18.4531,-19,-42,1027,1
1182,18.4688,0,-50,957,1
1183,18.4844,39,-70,816,1
1184,18.5000,-3,-70,847,1
1185,18.5156,3,-62,867,1
1186,18.5313,0,-70,800,1
1187,18.5469,19,-50,816,1
1188,18.5625,-7,-54,839,1
1189,18.5781,-19,-74,800,1
1190,18.5938,-50,-27,726,1
1191,18.6094,-105,-54,800,1
1192,18.6250,-66,-62,859,1
1193,18.6406,-93,-46,1003,1
1194,18.6563,-82,-23,1156,1
1195,18.6719,-78,-42,1160,1
1196,18.6875,-78,-50,1152,1
1197,18.7031,-50,-62,1171,1
1198,18.7188,-23,-62,1125,1
1199,18.7344,-7,-70,1160,1
1200,18.7500,-15,-54,1152,1
1201,18.7656,-35,-35,1132,1
1202,18.7813,-85,-42,1066,1
1203,18.7969,-85,-27,1058,1
1204,18.8125,-50,-3,945,1
1205,18.8281,-27,-39,933,1
1206,18.8438,-3,-42,929,1
1207,18.8594,-27,-15,929,1
1208,18.8750,-35,-7,921,1
1209,18.8906,-62,-27,871,1
1210,18.9063,-70,-23,863,1
1211,18.9219,-23,-27,773,1
1212,18.9375,-15,-39,781,1
1213,18.9531,-15,-39,785,1
1214,18.9688,-27,-7,773,1
1215,18.9844,-31,-31,808,1
1216,19.0000,-66,-62,906,1
1217,19.0156,-89,-50,976,1
1218,19.0313,-39,-46,1152,1
1219,19.0469,-66,-70,1175,1
1220,19.0625,-82,-39,1171,1
1221,19.0781,-85,-46,1179,1
1222,19.0938,-105,-62,1222,1
1223,19.1094,-70,-82,1117,1
1224,19.1250,-15,-85,1019,1
1225,19.1406,-3,-74,1007,1
1226,19.1563,-7,-89,960,1
1227,19.1719,-35,-85,949,1
1228,19.1875,-89,-58,898,1
1229,19.2031,-66,-35,1003,1
1230,19.2188,-35,-19,988,1
1231,19.2344,-19,-39,960,1
1232,19.2500,-3,-27,875,1
1233,19.2656,15,-54,878,1
1234,19.2813,15,-66,878,1
1235,19.2969,27,-66,808,1
1236,19.3125,58,-54,796,1
1237,19.3281,66,-82,796,1
1238,19.3438,58,-70,753,1
1239,19.3594,62,-58,714,1
1240,19.3750,62,-74,832,1
1241,19.3906,35,-89,855,1
1242,19.4063,42,-82,957,1
1243,19.4219,3,-74,1019,1
1244,19.4375,-7,-85,972,1
1245,19.4531,-50,-82,1015,1
1246,19.4688,-74,-23,1093,1
1247,19.4844,-58,-23,1093,1
1248,19.5000,-54,-46,1082,1
1249,19.5156,-39,-46,1062,1
1250,19.5313,-31,-50,980,1
1251,19.5469,-19,-19,992,1
1252,19.5625,-35,-15,984,1
1253,19.5781,-11,-7,1023,1
1254,19.5938,-27,-27,921,1
1255,19.6094,-42,-19,851,1
1256,19.6250,-46,-23,898,1
1257,19.6406,-58,-35,867,1
1258,19.6563,-27,-66,898,1
1259,19.6719,-23,-70,925,1
1260,19.6875,-23,-50,902,1
1261,19.7031,-11,-42,996,1
1262,19.7188,-19,-46,1085,1
1263,19.7344,-11,-50,1042,1
1264,19.7500,-11,-70,980,1
1265,19.7656,3,-66,1039,1
1266,19.7813,7,-39,1027,1
1267,19.7969,15,-42,1089,1
1268,19.8125,3,-35,1105,1
1269,19.8281,-11,-3,1050,1
1270,19.8438,-54,-11,1039,1
1271,19.8594,-35,7,1019,1
1272,19.8750,-50,0,906,1
1273,19.8906,-42,-23,835,1
1274,19.9063,-19,-39,796,1
1275,19.9219,0,-31,726,1
1276,19.9375,-19,-39,785,1
1277,19.9531,-35,11,867,1
1278,19.9688,-121,27,933,1
1279,19.9844,-113,-62,933,1
1280,20.0000,-195,-31,968,1
1281,20.0156,-210,-39,1058,1
1282,20.0313,-238,-11,1101,1
1283,20.0469,-273,11,1082,1
1284,20.0625,-289,39,1199,1
1285,20.0781,-261,7,1207,1
1286,20.0938,-210,3,1222,1
1287,20.1094,-160,-19,1171,1
1288,20.1250,-117,-46,1113,1
1289,20.1406,-62,-54,1042,1
1290,20.1563,-31,-62,988,1
1291,20.1719,-27,-66,906,1
1292,20.1875,-23,-74,828,1
1293,20.2031,-3,-58,812,1
1294,20.2188,7,-58,835,1
1295,20.2344,3,-46,781,1
1296,20.2500,-3,-11,828,1
1297,20.2656,3,-23,859,1
1298,20.2813,23,-15,867,1
1299,20.2969,11,-39,929,1
1300,20.3125,11,-46,964,1
1301,20.3281,-23,-31,878,1
1302,20.3438,-35,-31,984,1
1303,20.3594,-62,-39,1074,1
1304,20.3750,-46,-54,1078,1
1305,20.3906,-31,-46,1132,1
1306,20.4063,0,-78,1136,1
1307,20.4219,3,-85,1101,1
1308,20.4375,15,-93,1097,1
1309,20.4531,35,-105,1097,1
1310,20.4688,15,-105,1125,1
1311,20.4844,23,-66,1085,1
1312,20.5000,42,-39,1078,1
1313,20.5156,82,-7,1003,1
1314,20.5313,85,-19,890,1
1315,20.5469,39,-31,761,1
1316,20.5625,42,-11,593,1
1317,20.5781,62,7,566,1
1318,20.5938,54,35,539,1
1319,20.6094,7,27,625,1
1320,20.6250,-46,58,785,1
1321,20.6406,-85,125,882,1
1322,20.6563,-164,46,1062,1
1323,20.6719,-109,0,1054,1
1324,20.6875,-50,-31,1039,1
1325,20.7031,-35,-11,1062,1
1326,20.7188,0,-42,1070,1
1327,20.7344,15,-19,992,1
1328,20.7500,3,-31,1039,1
1329,20.7656,11,-7,1046,1
1330,20.7813,3,-46,1000,1
1331,20.7969,-54,-7,968,1
1332,20.8125,-109,3,964,1
1333,20.8281,-62,-7,968,1
1334,20.8438,-3,-11,1011,1
1335,20.8594,50,-7,1007,1
1336,20.8750,74,-19,1042,1
1337,20.8906,93,-31,1011,1
1338,20.9063,54,-31,945,1
1339,20.9219,85,-3,921,1
1340,20.9375,160,23,828,1
1341,20.9531,191,117,609,1
1342,20.9688,89,175,390,1
1343,20.9844,-50,167,304,1
1344,21.0000,-144,132,222,1
1345,21.0156,-85,62,492,1
1346,21.0313,-97,0,820,1
1347,21.0469,-136,-93,1386,1
1348,21.0625,-50,-50,1921,1
1349,21.0781,-35,15,2242,1
1350,21.0938,-70,97,2234,1
1351,21.1094,-31,23,1765,1
1352,21.1250,-42,-31,1339,1
1353,21.1406,113,-97,910,1
1354,21.1563,183,-121,523,1
1355,21.1719,160,-42,484,1
1356,21.1875,7,-19,574,1
1357,21.2031,-23,46,796,1
1358,21.2188,-54,93,1031,1
1359,21.2344,-50,140,1003,1
1360,21.2500,-31,136,957,1
1361,21.2656,-50,144,832,1
1362,21.2813,-70,58,742,1
1363,21.2969,-70,58,746,1
1364,21.3125,7,31,851,1
1365,21.3281,-3,-7,871,1
1366,21.3438,-3,-11,1039,1
1367,21.3594,0,-46,1136,1
1368,21.3750,50,-78,1132,1
1369,21.3906,128,-152,988,1
1370,21.4063,277,-250,898,1
1371,21.4219,394,-277,890,1
1372,21.4375,441,-238,867,1
1373,21.4531,328,648,925,1
1374,21.4688,78,-31,738,1
1375,21.4844,-74,152,777,1
1376,21.5000,-253,285,738,1
1377,21.5156,-171,261,675,1
1378,21.5313,-406,19,765,1
1379,21.5469,-324,171,910,1
1380,21.5625,-281,101,1132,1
1381,21.5781,-207,152,1199,1
1382,21.5938,-187,50,1140,1
1383,21.6094,-105,15,1042,1
1384,21.6250,-19,-42,1019,1
1385,21.6406,-3,-78,1007,1
1386,21.6563,-3,-54,1136,1
1387,21.6719,-66,-62,1210,1
1388,21.6875,-105,-54,1136,1
1389,21.7031,-82,-39,1167,1
1390,21.7188,-85,-35,1117,1
1391,21.7344,-82,-31,1074,1
1392,21.7500,-113,11,1070,1
1393,21.7656,-132,19,976,1
1394,21.7813,-148,39,960,1
1395,21.7969,-140,27,839,1
1396,21.8125,-121,19,871,1
1397,21.8281,-78,0,925,1
1398,21.8438,-31,-15,914,1
1399,21.8594,-35,-23,886,1
1400,21.8750,-23,-15,960,1
1401,21.8906,-27,7,914,1
1402,21.9063,-39,19,781,1
1403,21.9219,-82,31,683,1
1404,21.9375,-93,66,652,1
1405,21.9531,-105,78,652,1
1406,21.9688,-187,15,691,1
1407,21.9844,-175,-62,707,1
1408,22.0000,-105,-257,1195,2
1409,22.0156,175,-273,1300,2
1410,22.0313,167,-199,1269,2
1411,22.0469,171,-253,1253,2
1412,22.0625,132,-277,1296,2
1413,22.0781,132,-269,1250,2
1414,22.0938,152,-265,1277,2
1415,22.1094,121,-195,1222,2
1416,22.1250,70,-117,1082,2
1417,22.1406,-42,-11,1019,2
1418,22.1563,-105,7,906,2
1419,22.1719,-175,85,828,2
1420,22.1875,-203,152,718,2
1421,22.2031,-335,230,699,2
1422,22.2188,-250,183,789,2
1423,22.2344,-195,167,710,2
1424,22.2500,-156,113,726,2
1425,22.2656,-85,-3,800,2
1426,22.2813,23,-54,906,2
1427,22.2969,82,-121,929,2
1428,22.3125,148,-218,1058,2
1429,22.3281,207,-261,1250,2
1430,22.3438,250,-246,1308,2
1431,22.3594,187,-238,1179,2
1432,22.3750,167,-203,1136,2
1433,22.3906,113,-132,1039,2
1434,22.4063,31,-62,843,2
1435,22.4219,-15,31,832,2
1436,22.4375,-113,58,777,2
1437,22.4531,-191,105,753,2
1438,22.4688,-203,144,816,2
1439,22.4844,-191,132,867,2
1440,22.5000,-167,140,820,2
1441,22.5156,-246,136,832,2
1442,22.5313,-300,199,832,2
1443,22.5469,-382,164,847,2
1444,22.5625,-300,15,1042,2
1445,22.5781,-210,-148,1074,2
1446,22.5938,296,-500,1308,2
1447,22.6094,453,-832,1582,2
1448,22.6250,1105,-851,1593,2
1449,22.6406,1070,-671,1027,2
1450,22.6563,574,-500,683,2
1451,22.6719,35,117,367,2
1452,22.6875,-250,730,503,2
1453,22.7031,-1425,1074,484,2
1454,22.7188,-1503,1097,218,2
1455,22.7344,-1101,585,542,2
1456,22.7500,-886,-144,1105,2
1457,22.7656,472,-804,1425,2
1458,22.7813,757,-1230,917,2
1459,22.7969,1289,-1476,1621,2
1460,22.8125,1449,-1472,1660,2
1461,22.8281,1402,-726,1347,2
1462,22.8438,-82,-35,1304,2
1463,22.8594,-515,1003,1062,2
1464,22.8750,-1984,1484,50,2
1465,22.8906,-2101,1261,-433,2
1466,22.9063,-1140,437,-35,2
1467,22.9219,-792,-78,414,2
1468,22.9375,-261,-1109,1175,2
1469,22.9531,1574,-1808,2042,2
1470,22.9688,1804,-2511,2492,2
1471,22.9844,1625,-1343,2148,2
1472,23.0000,296,-464,1417,2
1473,23.0156,-1542,1031,421,2
1474,23.0313,-2292,1839,-324,2
1475,23.0469,-2125,1753,-531,2
1476,23.0625,-1332,941,-230,2
1477,23.0781,-410,-70,304,2
1478,23.0938,621,-988,1171,2
1479,23.1094,1343,-1867,1953,2
1480,23.1250,1648,-1824,2347,2
1481,23.1406,1425,-1550,2382,2
1482,23.1563,855,-957,1800,2
1483,23.1719,-292,23,652,2
1484,23.1875,-1093,859,613,2
1485,23.2031,-1761,1523,-39,2
1486,23.2188,-1710,1320,-359,2
1487,23.2344,-1046,742,136,2
1488,23.2500,-300,-105,718,2
1489,23.2656,488,-808,1214,2
1490,23.2813,1031,-1343,1750,2
1491,23.2969,1300,-1609,2007,2
1492,23.3125,1027,-1136,2121,2
1493,23.3281,1023,-593,2003,2
1494,23.3438,324,-492,1171,2
1495,23.3594,-648,222,-1246,2
1496,23.3750,-1941,1476,-105,2
1497,23.3906,-2019,1515,-953,2
1498,23.4063,-1660,1316,-484,2
1499,23.4219,-1285,480,218,2
1500,23.4375,-382,-347,578,2
1501,23.4531,625,-957,1289,2
1502,23.4688,1093,-1488,1792,2
1503,23.4844,-917,808,2542,2
1504,23.5000,914,-1292,3312,2
1505,23.5156,1136,-921,2015,2
1506,23.5313,167,-398,949,2
1507,23.5469,74,23,441,2
1508,23.5625,-171,863,-277,2
1509,23.5781,-1835,1218,-238,2
1510,23.5938,-1667,1207,-62,2
1511,23.6094,-953,460,93,2
1512,23.6250,-730,-199,601,2
1513,23.6406,507,-718,1527,2
1514,23.6563,894,-1003,792,2
1515,23.6719,992,-1187,1832,2
1516,23.6875,519,-605,1324,2
1517,23.7031,675,-789,2113,2
1518,23.7188,-164,-410,1296,2
1519,23.7344,-394,308,558,2
1520,23.7500,-890,750,-152,2
1521,23.7656,-1226,1214,-437,2
1522,23.7813,-1203,984,-296,2
1523,23.7969,-1011,652,-27,2
1524,23.8125,-496,-7,617,2
1525,23.8281,117,-460,1382,2
1526,23.8438,664,-960,2121,2
1527,23.8594,1000,-1261,-148,2
1528,23.8750,1070,-1058,1894,2
1529,23.8906,429,-996,1664,2
1530,23.9063,-484,144,1164,2
1531,23.9219,-746,671,507,2
1532,23.9375,-1167,1062,-1218,2
1533,23.9531,-1324,1082,-1421,2
1534,23.9688,-964,679,-332,2
1535,23.9844,-484,128,296,2
1536,24.0000,-429,-863,1406,1
1537,24.0156,429,-722,1570,1
1538,24.0313,507,-687,1609,1
1539,24.0469,113,-1351,70,1
1540,24.0625,-128,-507,1371,1
1541,24.0781,-261,-332,1039,1
1542,24.0938,-375,246,574,1
1543,24.1094,-671,527,-222,1
1544,24.1250,-847,734,-585,1
1545,24.1406,-816,511,-203,1
1546,24.1563,-531,269,554,1
1547,24.1719,-519,-89,1417,1
1548,24.1875,136,-453,1785,1
1549,24.2031,324,-750,2984,1
1550,24.2188,496,-1460,2445,1
1551,24.2344,261,-414,1835,1
1552,24.2500,-191,-128,949,1
1553,24.2656,-367,230,546,1
1554,24.2813,-816,648,207,1
1555,24.2969,-812,730,-203,1
1556,24.3125,-781,558,132,1
1557,24.3281,-492,347,296,1
1558,24.3438,-429,-171,621,1
1559,24.3594,-250,-3,1210,1
1560,24.3750,179,-218,1441,1
1561,24.3906,343,-324,1531,1
1562,24.4063,175,-433,1531,1
1563,24.4219,39,-230,1371,1
1564,24.4375,-109,-144,953,1
1565,24.4531,-187,50,644,1
1566,24.4688,-332,121,515,1
1567,24.4844,-390,179,546,1
1568,24.5000,-460,160,687,1
1569,24.5156,-363,152,937,1
1570,24.5313,-308,58,1039,1
1571,24.5469,-210,7,1058,1
1572,24.5625,-144,-50,1078,1
1573,24.5781,-97,-11,1121,1
1574,24.5938,-101,-54,953,1
1575,24.6094,-125,11,964,1
1576,24.6250,-144,27,996,1
1577,24.6406,-132,39,1070,1
1578,24.6563,-74,15,972,1
1579,24.6719,-15,-11,929,1
1580,24.6875,3,-11,890,1
1581,24.7031,-15,-19,898,1
1582,24.7188,-11,-11,949,1
1583,24.7344,-35,0,910,1
1584,24.7500,-35,31,910,1
1585,24.7656,-3,15,925,1
1586,24.7813,62,-31,1062,1
1587,24.7969,78,-58,1070,1
1588,24.8125,136,-70,1125,1
1589,24.8281,97,-113,972,1
1590,24.8438,66,-109,972,1
1591,24.8594,113,-136,1070,1
1592,24.8750,140,-167,1175,1
1593,24.8906,304,-179,1156,1
1594,24.9063,269,-66,1109,1
1595,24.9219,144,-70,1027,1
1596,24.9375,105,179,644,1
1597,24.9531,-347,546,-324,1
1598,24.9688,-742,742,-597,1
1599,24.9844,-886,789,-382,1
1600,25.0000,-734,242,503,1
1601,25.0156,70,-332,1417,1
1602,25.0313,621,-714,1878,1
1603,25.0469,941,-906,2015,1
1604,25.0625,941,-792,1695,1
1605,25.0781,519,-656,1363,1
1606,25.0938,519,-273,1488,1
1607,25.1094,140,-234,1250,1
1608,25.1250,-3,-128,863,1
1609,25.1406,-85,-23,726,1
1610,25.1563,-164,199,941,1
1611,25.1719,-15,171,761,1
1612,25.1875,-148,58,582,1
1613,25.2031,7,50,492,1
1614,25.2188,7,15,593,1
1615,25.2344,-3,-74,687,1
1616,25.2500,156,-113,906,1
1617,25.2656,199,-214,1027,1
1618,25.2813,304,-269,1167,1
1619,25.2969,320,-285,1199,1
1620,25.3125,289,-246,1269,1
1621,25.3281,222,-183,1230,1
1622,25.3438,195,-171,1175,1
1623,25.3594,167,-144,988,1
1624,25.3750,113,-58,894,1
1625,25.3906,70,3,960,1
1626,25.4063,-23,42,921,1
1627,25.4219,-31,62,855,1
1628,25.4375,7,50,742,1
1629,25.4531,15,27,601,1
1630,25.4688,-3,42,535,1
1631,25.4844,-3,31,640,1
1632,25.5000,-7,-31,769,1
1633,25.5156,207,-125,996,1
1634,25.5313,238,-210,1156,1
1635,25.5469,347,-195,1179,1
1636,25.5625,339,-160,1222,1
1637,25.5781,203,-97,1105,1
1638,25.5938,179,-66,1011,1
1639,25.6094,187,-35,917,1
1640,25.6250,62,11,882,1
1641,25.6406,27,19,890,1
1642,25.6563,82,0,968,1
1643,25.6719,78,-19,957,1
1644,25.6875,152,-74,1050,1
1645,25.7031,156,-105,996,1
1646,25.7188,257,-89,929,1
1647,25.7344,261,-121,933,1
1648,25.7500,292,-144,898,1
1649,25.7656,257,-148,945,1
1650,25.7813,308,-156,878,1
1651,25.7969,390,-179,910,1
1652,25.8125,378,-171,851,1
1653,25.8281,402,-136,773,1
1654,25.8438,410,-132,859,1
1655,25.8594,406,-89,847,1
1656,25.8750,382,-78,996,1
1657,25.8906,312,-105,906,1
1658,25.9063,312,-31,917,1
1659,25.9219,308,-54,851,1
1660,25.9375,273,-58,746,1
1661,25.9531,261,-82,722,1
1662,25.9688,312,-125,757,1
1663,25.9844,398,-203,742,1
1664,26.0000,500,-375,835,1
1665,26.0156,523,-375,703,1
1666,26.0313,531,-406,894,1
1667,26.0469,421,-398,875,1
1668,26.0625,468,-417,792,1
1669,26.0781,484,-492,683,1
1670,26.0938,496,-503,750,1
1671,26.1094,480,-519,769,1
1672,26.1250,503,-523,820,1
1673,26.1406,484,-457,851,1
1674,26.1563,414,-390,968,1
1675,26.1719,355,-328,886,1
1676,26.1875,371,-398,847,1
1677,26.2031,382,-367,773,1
1678,26.2188,367,-308,890,1
1679,26.2344,187,-250,609,1
1680,26.2500,70,-195,910,1
1681,26.2656,328,-226,964,1
1682,26.2813,425,-199,1046,1
1683,26.2969,386,-273,988,1
1684,26.3125,320,-339,984,1
1685,26.3281,281,-261,937,1
1686,26.3438,328,-250,863,1
1687,26.3594,339,-218,742,1
1688,26.3750,371,54,695,1
1689,26.3906,343,-355,695,1
1690,26.4063,347,-183,765,1
1691,26.4219,339,-257,824,1
1692,26.4375,308,-246,871,1
1693,26.4531,250,-257,875,1
1694,26.4688,269,-242,890,1
1695,26.4844,277,-242,875,1
1696,26.5000,304,-246,800,1
1697,26.5156,296,-246,812,1
1698,26.5313,359,-234,1003,1
1699,26.5469,371,-242,1042,1
1700,26.5625,347,-207,1039,1
1701,26.5781,324,-187,1011,1
1702,26.5938,304,-207,906,1
1703,26.6094,328,-179,792,1
1704,26.6250,359,-191,726,1
1705,26.6406,394,-175,757,1
1706,26.6563,386,-164,683,1
1707,26.6719,378,-125,738,1
1708,26.6875,285,-156,683,1
1709,26.7031,281,-136,761,1
1710,26.7188,300,-164,765,1
1711,26.7344,320,-175,894,1
1712,26.7500,253,-156,980,1
1713,26.7656,261,-132,878,1
1714,26.7813,250,-132,902,1
1715,26.7969,195,-121,996,1
1716,26.8125,238,-113,914,1
1717,26.8281,273,-74,957,1
1718,26.8438,281,-105,968,1
1719,26.8594,242,-101,949,1
1720,26.8750,226,-113,980,1
1721,26.8906,199,-97,957,1
1722,26.9063,207,-74,972,1
1723,26.9219,218,-15,1097,1
1724,26.9375,171,-31,1246,1
1725,26.9531,160,-35,1296,1
1726,26.9688,148,-31,1347,1
1727,26.9844,132,7,1351,1
1728,27.0000,66,-42,1234,1
1729,27.0156,214,-15,1027,1
1730,27.0313,238,-3,1007,1
1731,27.0469,308,3,792,1
1732,27.0625,292,-35,621,1
1733,27.0781,300,-62,488,1
1734,27.0938,273,-85,468,1
1735,27.1094,242,-85,339,1
1736,27.1250,277,-125,335,1
1737,27.1406,308,-82,199,1
1738,27.1563,390,-101,125,1
1739,27.1719,351,-113,226,1
1740,27.1875,277,-144,125,1
1741,27.2031,195,-164,328,1
1742,27.2188,62,-74,750,1
1743,27.2344,-58,19,1210,1
1744,27.2500,-269,109,1871,1
1745,27.2656,-54,156,1800,1
1746,27.2813,31,179,1503,1
1747,27.2969,-23,125,1593,1
1748,27.3125,31,109,1558,1
1749,27.3281,74,31,1542,1
1750,27.3438,101,0,1562,1
1751,27.3594,117,11,1453,1
1752,27.3750,164,-11,1304,1
1753,27.3906,171,-3,1230,1
1754,27.4063,195,-11,1250,1
1755,27.4219,125,0,1218,1
1756,27.4375,105,15,1261,1
1757,27.4531,82,78,1304,1
1758,27.4688,78,82,1156,1
1759,27.4844,74,50,1007,1
1760,27.5000,58,11,843,1
1761,27.5156,78,19,765,1
1762,27.5313,89,11,734,1
1763,27.5469,128,-3,582,1
1764,27.5625,136,-70,371,1
1765,27.5781,195,-11,261,1
1766,27.5938,101,-105,226,1
1767,27.6094,152,-82,167,1
1768,27.6250,175,-54,253,1
1769,27.6406,171,-35,289,1
1770,27.6563,109,-74,332,1
1771,27.6719,-46,-117,453,1
1772,27.6875,-105,-117,664,1
1773,27.7031,-101,-54,925,1
1774,27.7188,27,-3,1222,1
1775,27.7344,-199,-46,847,1
1776,27.7500,-58,0,1613,1
1777,27.7656,-46,11,1652,1
1778,27.7813,11,70,1726,1
1779,27.7969,15,35,1644,1
1780,27.8125,50,11,1644,1
1781,27.8281,85,58,1628,1
1782,27.8438,82,97,1632,1
1783,27.8594,89,128,1710,1
1784,27.8750,113,82,1539,1
1785,27.8906,101,93,1433,1
1786,27.9063,7,66,1250,1
1787,27.9219,-23,113,1093,1
1788,27.9375,31,54,902,1
1789,27.9531,50,15,683,1
1790,27.9688,85,-39,527,1
1791,27.9844,140,-19,222,1
1792,28.0000,128,-39,160,1
1793,28.0156,132,-46,121,1
1794,28.0313,109,-27,128,1
1795,28.0469,93,-27,132,1
1796,28.0625,93,-27,66,1
1797,28.0781,50,-46,93,1
1798,28.0938,23,-82,136,1
1799,28.1094,-195,-70,398,1
1800,28.1250,-234,-15,679,1
1801,28.1406,-382,58,980,1
1802,28.1563,-324,27,1035,1
1803,28.1719,-308,3,1144,1
1804,28.1875,-304,27,1394,1
1805,28.2031,-160,82,1593,1
1806,28.2188,-74,136,1882,1
1807,28.2344,-7,167,1792,1
1808,28.2500,23,218,1824,1
1809,28.2656,109,257,1828,1
1810,28.2813,167,285,1730,1
1811,28.2969,97,312,1644,1
1812,28.3125,66,312,1628,1
1813,28.3281,0,312,1464,1
1814,28.3438,-50,296,1410,1
1815,28.3594,-74,226,1195,1
1816,28.3750,-46,85,992,1
1817,28.3906,0,39,718,1
1818,28.4063,-11,-42,550,1
1819,28.4219,50,-85,320,1
1820,28.4375,-7,-85,242,1
1821,28.4531,50,-74,222,1
1822,28.4688,-3,-62,187,1
1823,28.4844,66,-39,312,1
1824,28.5000,42,-46,144,1
1825,28.5156,35,-97,35,1
1826,28.5313,15,-144,-35,1
1827,28.5469,-144,-152,109,1
1828,28.5625,-148,-132,339,1
1829,28.5781,-222,-128,750,1
1830,28.5938,-253,-35,917,1
1831,28.6094,-265,-27,1125,1
1832,28.6250,-437,-15,1257,1
1833,28.6406,-253,39,1421,1
1834,28.6563,-125,97,1554,1
1835,28.6719,-128,191,1531,1
1836,28.6875,-82,257,1636,1
1837,28.7031,-58,289,1789,1
1838,28.7188,-19,355,1882,1
1839,28.7344,66,355,1914,1
1840,28.7500,74,316,1777,1
1841,28.7656,66,261,1593,1
1842,28.7813,0,156,1464,1
1843,28.7969,-62,156,1304,1
1844,28.8125,-78,136,1164,1
1845,28.8281,-82,74,1070,1
1846,28.8438,-78,11,898,1
1847,28.8594,-39,-15,625,1
1848,28.8750,-117,-58,488,1
1849,28.8906,-66,-58,402,1
1850,28.9063,-15,-31,347,1
1851,28.9219,-7,-46,230,1
1852,28.9375,-11,-23,195,1
1853,28.9531,27,-39,183,1
1854,28.9688,42,-39,93,1
1855,28.9844,54,-62,15,1
1856,29.0000,-7,-109,78,1
1857,29.0156,-148,-121,328,1
1858,29.0313,-242,-93,757,1
1859,29.0469,-238,-15,1140,1
1860,29.0625,-214,-7,1273,1
1861,29.0781,-207,31,1367,1
1862,29.0938,-195,58,1460,1
1863,29.1094,-70,74,1437,1
1864,29.1250,39,97,1500,1
1865,29.1406,89,152,1519,1
1866,29.1563,89,152,1519,1
1867,29.1719,89,156,1421,1
1868,29.1875,109,160,1386,1
1869,29.2031,128,132,1289,1
1870,29.2188,171,74,1160,1
1871,29.2344,156,46,1050,1
1872,29.2500,74,19,1035,1
1873,29.2656,15,7,1031,1
1874,29.2813,-27,3,1082,1
1875,29.2969,-66,11,1027,1
1876,29.3125,-105,-15,1148,1
1877,29.3281,-85,-42,1015,1
1878,29.3438,-62,-89,917,1
1879,29.3594,-85,-66,835,1
1880,29.3750,-58,-70,648,1
1881,29.3906,-70,-58,703,1
1882,29.4063,-93,-62,722,1
1883,29.4219,-113,-70,769,1
1884,29.4375,218,11,554,1
1885,29.4531,-156,3,1097,1
1886,29.4688,-58,-15,1019,1
1887,29.4844,-195,-58,1187,1
1888,29.5000,-7,-3,820,1
1889,29.5156,-66,-3,839,1
1890,29.5313,42,-46,875,1
1891,29.5469,-27,-50,890,1
1892,29.5625,-50,-27,960,1
1893,29.5781,-11,-27,1046,1
1894,29.5938,15,3,1144,1
1895,29.6094,15,11,1085,1
1896,29.6250,105,-3,1066,1
1897,29.6406,113,-31,937,1
1898,29.6563,39,-50,1015,1
1899,29.6719,23,-54,1003,1
1900,29.6875,42,-58,980,1
1901,29.7031,15,-35,933,1
1902,29.7188,54,-23,984,1
1903,29.7344,23,3,968,1
1904,29.7500,58,-15,980,1
1905,29.7656,125,-23,968,1
1906,29.7813,35,-15,968,1
1907,29.7969,11,-27,898,1
1908,29.8125,3,-15,972,1
1909,29.8281,-3,-15,949,1
1910,29.8438,7,3,949,1
1911,29.8594,23,3,984,1
1912,29.8750,39,-19,941,1
1913,29.8906,62,39,968,1
1914,29.9063,82,62,957,1
1915,29.9219,58,54,933,1
1916,29.9375,109,19,886,1
1917,29.9531,85,15,890,1
1918,29.9688,31,89,921,1
1919,29.9844,152,85,976,1
1920,30.0000,-54,128,925,1
1921,30.0156,-105,148,855,1
1922,30.0313,-105,105,859,1
1923,30.0469,-31,97,921,1
1924,30.0625,31,117,906,1
1925,30.0781,125,128,1027,1
1926,30.0938,167,140,1066,1
1927,30.1094,171,132,1023,1
1928,30.1250,203,121,953,1
1929,30.1406,167,66,875,1
1930,30.1563,93,74,855,1
1931,30.1719,50,70,960,1
1932,30.1875,27,101,984,1
1933,30.2031,46,97,1074,1
1934,30.2188,39,132,1023,1
1935,30.2344,58,109,929,1
1936,30.2500,35,70,921,1
1937,30.2656,35,70,851,1
1938,30.2813,101,62,875,1
1939,30.2969,93,27,875,1
1940,30.3125,113,19,859,1
1941,30.3281,101,3,574,1
1942,30.3438,125,54,1031,1
1943,30.3594,203,109,933,1
1944,30.3750,85,93,933,1
1945,30.3906,128,89,1007,1
1946,30.4063,140,152,949,1
1947,30.4219,253,117,953,1
1948,30.4375,183,117,960,1
1949,30.4531,35,140,925,1
1950,30.4688,74,132,902,1
1951,30.4844,160,171,984,1
1952,30.5000,187,132,945,1
1953,30.5156,82,121,906,1
1954,30.5313,125,101,925,1
1955,30.5469,27,132,980,1
1956,30.5625,42,187,890,1
1957,30.5781,230,187,968,1
1958,30.5938,148,164,960,1
1959,30.6094,121,128,960,1
1960,30.6250,74,125,855,1
1961,30.6406,191,121,976,1
1962,30.6563,179,109,867,1
1963,30.6719,85,121,867,1
1964,30.6875,58,117,906,1
1965,30.7031,93,132,933,1
1966,30.7188,199,132,953,1
1967,30.7344,226,132,949,1
1968,30.7500,175,144,867,1
1969,30.7656,210,113,851,1
1970,30.7813,222,128,890,1
1971,30.7969,179,117,890,1
1972,30.8125,167,117,1015,1
1973,30.8281,74,125,992,1
1974,30.8438,140,113,875,1
1975,30.8594,140,109,921,1
1976,30.8750,214,175,1011,1
1977,30.8906,199,78,875,1
1978,30.9063,187,171,917,1
1979,30.9219,250,183,1015,1
1980,30.9375,242,144,917,1
1981,30.9531,207,132,949,1
1982,30.9688,222,105,867,1
1983,30.9844,222,117,964,1
1984,31.0000,171,121,875,1
1985,31.0156,253,128,941,1
1986,31.0313,281,140,992,1
1987,31.0469,191,109,937,1
1988,31.0625,218,125,906,1
1989,31.0781,210,125,871,1
1990,31.0938,203,164,953,1
1991,31.1094,171,125,933,1
1992,31.1250,167,136,886,1
1993,31.1406,238,175,941,1
1994,31.1563,246,164,929,1
1995,31.1719,257,148,968,1
1996,31.1875,257,164,968,1
1997,31.2031,207,191,945,1
1998,31.2188,210,214,945,1
1999,31.2344,238,160,917,1
2000,31.2500,308,167,906,1
2001,31.2656,101,167,906,1
2002,31.2813,347,144,746,1
2003,31.2969,238,144,847,1
2004,31.3125,234,140,910,1
2005,31.3281,183,117,898,1
2006,31.3438,226,140,945,1
2007,31.3594,292,199,968,1
2008,31.3750,300,210,894,1
2009,31.3906,238,214,855,1
2010,31.4063,265,218,878,1
2011,31.4219,273,210,925,1
2012,31.4375,261,164,894,1
2013,31.4531,238,164,843,1
2014,31.4688,257,152,871,1
2015,31.4844,253,160,910,1
2016,31.5000,257,179,949,1
2017,31.5156,250,160,937,1
2018,31.5313,226,171,886,1
2019,31.5469,257,167,890,1
2020,31.5625,253,175,867,1
2021,31.5781,277,164,855,1
2022,31.5938,261,148,867,1
2023,31.6094,261,128,914,1
2024,31.6250,269,183,859,1
2025,31.6406,261,171,964,1
2026,31.6563,285,203,914,1
2027,31.6719,253,191,878,1
2028,31.6875,265,207,925,1
2029,31.7031,250,179,949,1
2030,31.7188,289,164,925,1
2031,31.7344,289,164,980,1
2032,31.7500,296,164,894,1
2033,31.7656,226,148,875,1
2034,31.7813,234,203,937,1
2035,31.7969,269,171,992,1
2036,31.8125,281,175,902,1
2037,31.8281,273,175,910,1
2038,31.8438,257,175,839,1
2039,31.8594,226,144,882,1
2040,31.8750,234,136,894,1
2041,31.8906,222,156,1171,1
2042,31.9063,222,250,843,1
2043,31.9219,261,195,984,1
#END,2044
